store_id,product_id,quantity,source,timestamp
1,1,27,datalake,2024-04-30 07:52:07.966683
1,2,5,datalake,2024-04-30 07:52:07.966683
1,3,6,datalake,2024-04-30 07:52:07.966683
1,4,23,datalake,2024-04-30 07:52:07.966683
1,5,22,datalake,2024-04-30 07:52:07.966683
1,6,0,datalake,2024-04-30 07:52:07.966683
1,7,8,datalake,2024-04-30 07:52:07.966683
1,8,0,datalake,2024-04-30 07:52:07.966683
1,9,11,datalake,2024-04-30 07:52:07.966683
1,10,15,datalake,2024-04-30 07:52:07.966683
1,11,8,datalake,2024-04-30 07:52:07.966683
1,12,16,datalake,2024-04-30 07:52:07.966683
1,13,13,datalake,2024-04-30 07:52:07.966683
1,14,8,datalake,2024-04-30 07:52:07.966683
1,15,3,datalake,2024-04-30 07:52:07.966683
1,16,4,datalake,2024-04-30 07:52:07.966683
1,17,2,datalake,2024-04-30 07:52:07.966683
1,18,16,datalake,2024-04-30 07:52:07.966683
1,19,4,datalake,2024-04-30 07:52:07.966683
1,20,26,datalake,2024-04-30 07:52:07.966683
1,21,24,datalake,2024-04-30 07:52:07.966683
1,22,29,datalake,2024-04-30 07:52:07.966683
1,23,9,datalake,2024-04-30 07:52:07.966683
1,24,10,datalake,2024-04-30 07:52:07.966683
1,25,10,datalake,2024-04-30 07:52:07.966683
1,26,16,datalake,2024-04-30 07:52:07.966683
1,27,21,datalake,2024-04-30 07:52:07.966683
1,28,20,datalake,2024-04-30 07:52:07.966683
1,29,13,datalake,2024-04-30 07:52:07.966683
1,30,30,datalake,2024-04-30 07:52:07.966683
1,31,2,datalake,2024-04-30 07:52:07.966683
1,32,0,datalake,2024-04-30 07:52:07.966683
1,33,10,datalake,2024-04-30 07:52:07.966683
1,34,2,datalake,2024-04-30 07:52:07.966683
1,35,18,datalake,2024-04-30 07:52:07.966683
1,36,26,datalake,2024-04-30 07:52:07.966683
1,37,12,datalake,2024-04-30 07:52:07.966683
1,38,13,datalake,2024-04-30 07:52:07.966683
1,39,2,datalake,2024-04-30 07:52:07.966683
1,40,24,datalake,2024-04-30 07:52:07.966683
1,41,10,datalake,2024-04-30 07:52:07.966683
1,42,0,datalake,2024-04-30 07:52:07.966683
1,43,2,datalake,2024-04-30 07:52:07.966683
1,44,1,datalake,2024-04-30 07:52:07.966683
1,45,15,datalake,2024-04-30 07:52:07.966683
1,46,19,datalake,2024-04-30 07:52:07.966683
1,47,21,datalake,2024-04-30 07:52:07.966683
1,48,5,datalake,2024-04-30 07:52:07.966683
1,49,8,datalake,2024-04-30 07:52:07.966683
1,50,29,datalake,2024-04-30 07:52:07.966683
1,51,2,datalake,2024-04-30 07:52:07.966683
1,52,18,datalake,2024-04-30 07:52:07.966683
1,53,17,datalake,2024-04-30 07:52:07.966683
1,54,11,datalake,2024-04-30 07:52:07.966683
1,55,11,datalake,2024-04-30 07:52:07.966683
1,56,15,datalake,2024-04-30 07:52:07.966683
1,57,1,datalake,2024-04-30 07:52:07.966683
1,58,1,datalake,2024-04-30 07:52:07.966683
1,59,22,datalake,2024-04-30 07:52:07.966683
1,60,19,datalake,2024-04-30 07:52:07.966683
1,61,30,datalake,2024-04-30 07:52:07.966683
1,62,21,datalake,2024-04-30 07:52:07.966683
1,63,4,datalake,2024-04-30 07:52:07.966683
1,64,30,datalake,2024-04-30 07:52:07.966683
1,65,10,datalake,2024-04-30 07:52:07.966683
1,66,12,datalake,2024-04-30 07:52:07.966683
1,67,19,datalake,2024-04-30 07:52:07.966683
1,68,30,datalake,2024-04-30 07:52:07.966683
1,69,4,datalake,2024-04-30 07:52:07.966683
1,70,3,datalake,2024-04-30 07:52:07.966683
1,71,25,datalake,2024-04-30 07:52:07.966683
1,72,9,datalake,2024-04-30 07:52:07.966683
1,73,7,datalake,2024-04-30 07:52:07.966683
1,74,9,datalake,2024-04-30 07:52:07.966683
1,75,23,datalake,2024-04-30 07:52:07.966683
1,76,15,datalake,2024-04-30 07:52:07.966683
1,77,16,datalake,2024-04-30 07:52:07.966683
1,78,13,datalake,2024-04-30 07:52:07.966683
1,79,13,datalake,2024-04-30 07:52:07.966683
1,80,11,datalake,2024-04-30 07:52:07.966683
1,81,25,datalake,2024-04-30 07:52:07.966683
1,82,1,datalake,2024-04-30 07:52:07.966683
1,83,13,datalake,2024-04-30 07:52:07.966683
1,84,11,datalake,2024-04-30 07:52:07.966683
1,85,23,datalake,2024-04-30 07:52:07.966683
1,86,19,datalake,2024-04-30 07:52:07.966683
1,87,27,datalake,2024-04-30 07:52:07.966683
1,88,7,datalake,2024-04-30 07:52:07.966683
1,89,9,datalake,2024-04-30 07:52:07.966683
1,90,4,datalake,2024-04-30 07:52:07.966683
1,91,8,datalake,2024-04-30 07:52:07.966683
1,92,0,datalake,2024-04-30 07:52:07.966683
1,93,22,datalake,2024-04-30 07:52:07.966683
1,94,6,datalake,2024-04-30 07:52:07.966683
1,95,25,datalake,2024-04-30 07:52:07.966683
1,96,20,datalake,2024-04-30 07:52:07.966683
1,97,20,datalake,2024-04-30 07:52:07.966683
1,98,28,datalake,2024-04-30 07:52:07.966683
1,99,28,datalake,2024-04-30 07:52:07.966683
1,100,15,datalake,2024-04-30 07:52:07.966683
1,101,17,datalake,2024-04-30 07:52:07.966683
1,102,9,datalake,2024-04-30 07:52:07.966683
1,103,13,datalake,2024-04-30 07:52:07.966683
1,104,25,datalake,2024-04-30 07:52:07.966683
1,105,7,datalake,2024-04-30 07:52:07.966683
1,106,30,datalake,2024-04-30 07:52:07.966683
1,107,20,datalake,2024-04-30 07:52:07.966683
1,108,15,datalake,2024-04-30 07:52:07.966683
1,109,30,datalake,2024-04-30 07:52:07.966683
1,110,1,datalake,2024-04-30 07:52:07.966683
1,111,11,datalake,2024-04-30 07:52:07.966683
1,112,17,datalake,2024-04-30 07:52:07.966683
1,113,24,datalake,2024-04-30 07:52:07.966683
1,114,3,datalake,2024-04-30 07:52:07.966683
1,115,10,datalake,2024-04-30 07:52:07.966683
1,116,24,datalake,2024-04-30 07:52:07.966683
1,117,15,datalake,2024-04-30 07:52:07.966683
1,118,12,datalake,2024-04-30 07:52:07.966683
1,119,17,datalake,2024-04-30 07:52:07.966683
1,120,23,datalake,2024-04-30 07:52:07.966683
1,121,19,datalake,2024-04-30 07:52:07.966683
1,122,22,datalake,2024-04-30 07:52:07.966683
1,123,8,datalake,2024-04-30 07:52:07.966683
1,124,23,datalake,2024-04-30 07:52:07.966683
1,125,22,datalake,2024-04-30 07:52:07.966683
1,126,28,datalake,2024-04-30 07:52:07.966683
1,127,12,datalake,2024-04-30 07:52:07.966683
1,128,11,datalake,2024-04-30 07:52:07.966683
1,129,21,datalake,2024-04-30 07:52:07.966683
1,130,22,datalake,2024-04-30 07:52:07.966683
1,131,20,datalake,2024-04-30 07:52:07.966683
1,132,1,datalake,2024-04-30 07:52:07.966683
1,133,9,datalake,2024-04-30 07:52:07.966683
1,134,26,datalake,2024-04-30 07:52:07.966683
1,135,15,datalake,2024-04-30 07:52:07.966683
1,136,12,datalake,2024-04-30 07:52:07.966683
1,137,12,datalake,2024-04-30 07:52:07.966683
1,138,6,datalake,2024-04-30 07:52:07.966683
1,139,17,datalake,2024-04-30 07:52:07.966683
1,140,3,datalake,2024-04-30 07:52:07.966683
1,141,21,datalake,2024-04-30 07:52:07.966683
1,142,22,datalake,2024-04-30 07:52:07.966683
1,143,19,datalake,2024-04-30 07:52:07.966683
1,144,7,datalake,2024-04-30 07:52:07.966683
1,145,5,datalake,2024-04-30 07:52:07.966683
1,146,6,datalake,2024-04-30 07:52:07.966683
1,147,8,datalake,2024-04-30 07:52:07.966683
1,148,6,datalake,2024-04-30 07:52:07.966683
1,149,1,datalake,2024-04-30 07:52:07.966683
1,150,22,datalake,2024-04-30 07:52:07.966683
1,151,24,datalake,2024-04-30 07:52:07.966683
1,152,12,datalake,2024-04-30 07:52:07.966683
1,153,25,datalake,2024-04-30 07:52:07.966683
1,154,13,datalake,2024-04-30 07:52:07.966683
1,155,8,datalake,2024-04-30 07:52:07.966683
1,156,13,datalake,2024-04-30 07:52:07.966683
1,157,25,datalake,2024-04-30 07:52:07.966683
1,158,11,datalake,2024-04-30 07:52:07.966683
1,159,18,datalake,2024-04-30 07:52:07.966683
1,160,0,datalake,2024-04-30 07:52:07.966683
1,161,17,datalake,2024-04-30 07:52:07.966683
1,162,14,datalake,2024-04-30 07:52:07.966683
1,163,0,datalake,2024-04-30 07:52:07.966683
1,164,15,datalake,2024-04-30 07:52:07.966683
1,165,16,datalake,2024-04-30 07:52:07.966683
1,166,23,datalake,2024-04-30 07:52:07.966683
1,167,28,datalake,2024-04-30 07:52:07.966683
1,168,0,datalake,2024-04-30 07:52:07.966683
1,169,25,datalake,2024-04-30 07:52:07.966683
1,170,14,datalake,2024-04-30 07:52:07.966683
1,171,3,datalake,2024-04-30 07:52:07.966683
1,172,3,datalake,2024-04-30 07:52:07.966683
1,173,2,datalake,2024-04-30 07:52:07.966683
1,174,26,datalake,2024-04-30 07:52:07.966683
1,175,2,datalake,2024-04-30 07:52:07.966683
1,176,11,datalake,2024-04-30 07:52:07.966683
1,177,19,datalake,2024-04-30 07:52:07.966683
1,178,23,datalake,2024-04-30 07:52:07.966683
1,179,16,datalake,2024-04-30 07:52:07.966683
1,180,5,datalake,2024-04-30 07:52:07.966683
1,181,19,datalake,2024-04-30 07:52:07.966683
1,182,28,datalake,2024-04-30 07:52:07.966683
1,183,11,datalake,2024-04-30 07:52:07.966683
1,184,4,datalake,2024-04-30 07:52:07.966683
1,185,3,datalake,2024-04-30 07:52:07.966683
1,186,1,datalake,2024-04-30 07:52:07.966683
1,187,16,datalake,2024-04-30 07:52:07.966683
1,188,30,datalake,2024-04-30 07:52:07.966683
1,189,6,datalake,2024-04-30 07:52:07.966683
1,190,21,datalake,2024-04-30 07:52:07.966683
1,191,21,datalake,2024-04-30 07:52:07.966683
1,192,20,datalake,2024-04-30 07:52:07.966683
1,193,30,datalake,2024-04-30 07:52:07.966683
1,194,24,datalake,2024-04-30 07:52:07.966683
1,195,1,datalake,2024-04-30 07:52:07.966683
1,196,26,datalake,2024-04-30 07:52:07.966683
1,197,22,datalake,2024-04-30 07:52:07.966683
1,198,1,datalake,2024-04-30 07:52:07.966683
1,199,2,datalake,2024-04-30 07:52:07.966683
1,200,27,datalake,2024-04-30 07:52:07.966683
1,201,16,datalake,2024-04-30 07:52:07.966683
1,202,5,datalake,2024-04-30 07:52:07.966683
1,203,4,datalake,2024-04-30 07:52:07.966683
1,204,23,datalake,2024-04-30 07:52:07.966683
1,205,9,datalake,2024-04-30 07:52:07.966683
1,206,10,datalake,2024-04-30 07:52:07.966683
1,207,27,datalake,2024-04-30 07:52:07.966683
1,208,13,datalake,2024-04-30 07:52:07.966683
1,209,22,datalake,2024-04-30 07:52:07.966683
1,210,25,datalake,2024-04-30 07:52:07.966683
1,211,13,datalake,2024-04-30 07:52:07.966683
1,212,17,datalake,2024-04-30 07:52:07.966683
1,213,14,datalake,2024-04-30 07:52:07.966683
1,214,4,datalake,2024-04-30 07:52:07.966683
1,215,1,datalake,2024-04-30 07:52:07.966683
1,216,11,datalake,2024-04-30 07:52:07.966683
1,217,11,datalake,2024-04-30 07:52:07.966683
1,218,27,datalake,2024-04-30 07:52:07.966683
1,219,30,datalake,2024-04-30 07:52:07.966683
1,220,4,datalake,2024-04-30 07:52:07.966683
1,221,7,datalake,2024-04-30 07:52:07.966683
1,222,12,datalake,2024-04-30 07:52:07.966683
1,223,3,datalake,2024-04-30 07:52:07.966683
1,224,16,datalake,2024-04-30 07:52:07.966683
1,225,24,datalake,2024-04-30 07:52:07.966683
1,226,18,datalake,2024-04-30 07:52:07.966683
1,227,19,datalake,2024-04-30 07:52:07.966683
1,228,22,datalake,2024-04-30 07:52:07.966683
1,229,27,datalake,2024-04-30 07:52:07.966683
1,230,7,datalake,2024-04-30 07:52:07.966683
1,231,25,datalake,2024-04-30 07:52:07.966683
1,232,5,datalake,2024-04-30 07:52:07.966683
1,233,5,datalake,2024-04-30 07:52:07.966683
1,234,13,datalake,2024-04-30 07:52:07.966683
1,235,7,datalake,2024-04-30 07:52:07.966683
1,236,18,datalake,2024-04-30 07:52:07.966683
1,237,26,datalake,2024-04-30 07:52:07.966683
1,238,20,datalake,2024-04-30 07:52:07.966683
1,239,28,datalake,2024-04-30 07:52:07.966683
1,240,17,datalake,2024-04-30 07:52:07.966683
1,241,17,datalake,2024-04-30 07:52:07.966683
1,242,10,datalake,2024-04-30 07:52:07.966683
1,243,11,datalake,2024-04-30 07:52:07.966683
1,244,10,datalake,2024-04-30 07:52:07.966683
1,245,3,datalake,2024-04-30 07:52:07.966683
1,246,0,datalake,2024-04-30 07:52:07.966683
1,247,15,datalake,2024-04-30 07:52:07.966683
1,248,14,datalake,2024-04-30 07:52:07.966683
1,249,27,datalake,2024-04-30 07:52:07.966683
1,250,3,datalake,2024-04-30 07:52:07.966683
1,251,2,datalake,2024-04-30 07:52:07.966683
1,252,28,datalake,2024-04-30 07:52:07.966683
1,253,16,datalake,2024-04-30 07:52:07.966683
1,254,24,datalake,2024-04-30 07:52:07.966683
1,255,13,datalake,2024-04-30 07:52:07.966683
1,256,20,datalake,2024-04-30 07:52:07.966683
1,257,17,datalake,2024-04-30 07:52:07.966683
1,258,25,datalake,2024-04-30 07:52:07.966683
1,259,10,datalake,2024-04-30 07:52:07.966683
1,260,20,datalake,2024-04-30 07:52:07.966683
1,261,3,datalake,2024-04-30 07:52:07.966683
1,262,6,datalake,2024-04-30 07:52:07.966683
1,263,21,datalake,2024-04-30 07:52:07.966683
1,264,16,datalake,2024-04-30 07:52:07.966683
1,265,28,datalake,2024-04-30 07:52:07.966683
1,266,1,datalake,2024-04-30 07:52:07.966683
1,267,27,datalake,2024-04-30 07:52:07.966683
1,268,23,datalake,2024-04-30 07:52:07.966683
1,269,22,datalake,2024-04-30 07:52:07.966683
1,270,16,datalake,2024-04-30 07:52:07.966683
1,271,6,datalake,2024-04-30 07:52:07.966683
1,272,14,datalake,2024-04-30 07:52:07.966683
1,273,20,datalake,2024-04-30 07:52:07.966683
1,274,19,datalake,2024-04-30 07:52:07.966683
1,275,28,datalake,2024-04-30 07:52:07.966683
1,276,7,datalake,2024-04-30 07:52:07.966683
1,277,13,datalake,2024-04-30 07:52:07.966683
1,278,17,datalake,2024-04-30 07:52:07.966683
1,279,17,datalake,2024-04-30 07:52:07.966683
1,280,23,datalake,2024-04-30 07:52:07.966683
1,281,11,datalake,2024-04-30 07:52:07.966683
1,282,6,datalake,2024-04-30 07:52:07.966683
1,283,10,datalake,2024-04-30 07:52:07.966683
1,284,27,datalake,2024-04-30 07:52:07.966683
1,285,20,datalake,2024-04-30 07:52:07.966683
1,286,28,datalake,2024-04-30 07:52:07.966683
1,287,2,datalake,2024-04-30 07:52:07.966683
1,288,9,datalake,2024-04-30 07:52:07.966683
1,289,2,datalake,2024-04-30 07:52:07.966683
1,290,8,datalake,2024-04-30 07:52:07.966683
1,291,9,datalake,2024-04-30 07:52:07.966683
1,292,30,datalake,2024-04-30 07:52:07.966683
1,293,18,datalake,2024-04-30 07:52:07.966683
1,294,3,datalake,2024-04-30 07:52:07.966683
1,295,24,datalake,2024-04-30 07:52:07.966683
1,296,9,datalake,2024-04-30 07:52:07.966683
1,297,22,datalake,2024-04-30 07:52:07.966683
1,298,26,datalake,2024-04-30 07:52:07.966683
1,299,18,datalake,2024-04-30 07:52:07.966683
1,300,7,datalake,2024-04-30 07:52:07.966683
1,301,10,datalake,2024-04-30 07:52:07.966683
1,302,0,datalake,2024-04-30 07:52:07.966683
1,303,12,datalake,2024-04-30 07:52:07.966683
1,304,15,datalake,2024-04-30 07:52:07.966683
1,305,23,datalake,2024-04-30 07:52:07.966683
1,306,21,datalake,2024-04-30 07:52:07.966683
1,307,17,datalake,2024-04-30 07:52:07.966683
1,308,23,datalake,2024-04-30 07:52:07.966683
1,309,7,datalake,2024-04-30 07:52:07.966683
1,310,18,datalake,2024-04-30 07:52:07.966683
1,311,20,datalake,2024-04-30 07:52:07.966683
1,312,23,datalake,2024-04-30 07:52:07.966683
1,313,14,datalake,2024-04-30 07:52:07.966683
2,1,14,datalake,2024-04-30 07:52:07.966683
2,2,16,datalake,2024-04-30 07:52:07.966683
2,3,28,datalake,2024-04-30 07:52:07.966683
2,4,2,datalake,2024-04-30 07:52:07.966683
2,5,1,datalake,2024-04-30 07:52:07.966683
2,6,11,datalake,2024-04-30 07:52:07.966683
2,7,8,datalake,2024-04-30 07:52:07.966683
2,8,1,datalake,2024-04-30 07:52:07.966683
2,9,17,datalake,2024-04-30 07:52:07.966683
2,10,13,datalake,2024-04-30 07:52:07.966683
2,11,21,datalake,2024-04-30 07:52:07.966683
2,12,2,datalake,2024-04-30 07:52:07.966683
2,13,1,datalake,2024-04-30 07:52:07.966683
2,14,18,datalake,2024-04-30 07:52:07.966683
2,15,6,datalake,2024-04-30 07:52:07.966683
2,16,20,datalake,2024-04-30 07:52:07.966683
2,17,3,datalake,2024-04-30 07:52:07.966683
2,18,13,datalake,2024-04-30 07:52:07.966683
2,19,15,datalake,2024-04-30 07:52:07.966683
2,20,20,datalake,2024-04-30 07:52:07.966683
2,21,16,datalake,2024-04-30 07:52:07.966683
2,22,0,datalake,2024-04-30 07:52:07.966683
2,23,12,datalake,2024-04-30 07:52:07.966683
2,24,16,datalake,2024-04-30 07:52:07.966683
2,25,18,datalake,2024-04-30 07:52:07.966683
2,26,2,datalake,2024-04-30 07:52:07.966683
2,27,10,datalake,2024-04-30 07:52:07.966683
2,28,25,datalake,2024-04-30 07:52:07.966683
2,29,29,datalake,2024-04-30 07:52:07.966683
2,30,17,datalake,2024-04-30 07:52:07.966683
2,31,10,datalake,2024-04-30 07:52:07.966683
2,32,13,datalake,2024-04-30 07:52:07.966683
2,33,8,datalake,2024-04-30 07:52:07.966683
2,34,24,datalake,2024-04-30 07:52:07.966683
2,35,25,datalake,2024-04-30 07:52:07.966683
2,36,15,datalake,2024-04-30 07:52:07.966683
2,37,5,datalake,2024-04-30 07:52:07.966683
2,38,18,datalake,2024-04-30 07:52:07.966683
2,39,28,datalake,2024-04-30 07:52:07.966683
2,40,15,datalake,2024-04-30 07:52:07.966683
2,41,6,datalake,2024-04-30 07:52:07.966683
2,42,16,datalake,2024-04-30 07:52:07.966683
2,43,2,datalake,2024-04-30 07:52:07.966683
2,44,24,datalake,2024-04-30 07:52:07.966683
2,45,13,datalake,2024-04-30 07:52:07.966683
2,46,18,datalake,2024-04-30 07:52:07.966683
2,47,0,datalake,2024-04-30 07:52:07.966683
2,48,20,datalake,2024-04-30 07:52:07.966683
2,49,4,datalake,2024-04-30 07:52:07.966683
2,50,7,datalake,2024-04-30 07:52:07.966683
2,51,8,datalake,2024-04-30 07:52:07.966683
2,52,23,datalake,2024-04-30 07:52:07.966683
2,53,19,datalake,2024-04-30 07:52:07.966683
2,54,6,datalake,2024-04-30 07:52:07.966683
2,55,5,datalake,2024-04-30 07:52:07.966683
2,56,20,datalake,2024-04-30 07:52:07.966683
2,57,27,datalake,2024-04-30 07:52:07.966683
2,58,15,datalake,2024-04-30 07:52:07.966683
2,59,17,datalake,2024-04-30 07:52:07.966683
2,60,1,datalake,2024-04-30 07:52:07.966683
2,61,20,datalake,2024-04-30 07:52:07.966683
2,62,4,datalake,2024-04-30 07:52:07.966683
2,63,5,datalake,2024-04-30 07:52:07.966683
2,64,30,datalake,2024-04-30 07:52:07.966683
2,65,16,datalake,2024-04-30 07:52:07.966683
2,66,22,datalake,2024-04-30 07:52:07.966683
2,67,8,datalake,2024-04-30 07:52:07.966683
2,68,23,datalake,2024-04-30 07:52:07.966683
2,69,22,datalake,2024-04-30 07:52:07.966683
2,70,6,datalake,2024-04-30 07:52:07.966683
2,71,30,datalake,2024-04-30 07:52:07.966683
2,72,1,datalake,2024-04-30 07:52:07.966683
2,73,20,datalake,2024-04-30 07:52:07.966683
2,74,23,datalake,2024-04-30 07:52:07.966683
2,75,11,datalake,2024-04-30 07:52:07.966683
2,76,20,datalake,2024-04-30 07:52:07.966683
2,77,25,datalake,2024-04-30 07:52:07.966683
2,78,4,datalake,2024-04-30 07:52:07.966683
2,79,29,datalake,2024-04-30 07:52:07.966683
2,80,27,datalake,2024-04-30 07:52:07.966683
2,81,19,datalake,2024-04-30 07:52:07.966683
2,82,4,datalake,2024-04-30 07:52:07.966683
2,83,21,datalake,2024-04-30 07:52:07.966683
2,84,22,datalake,2024-04-30 07:52:07.966683
2,85,6,datalake,2024-04-30 07:52:07.966683
2,86,24,datalake,2024-04-30 07:52:07.966683
2,87,14,datalake,2024-04-30 07:52:07.966683
2,88,8,datalake,2024-04-30 07:52:07.966683
2,89,8,datalake,2024-04-30 07:52:07.966683
2,90,26,datalake,2024-04-30 07:52:07.966683
2,91,0,datalake,2024-04-30 07:52:07.966683
2,92,22,datalake,2024-04-30 07:52:07.966683
2,93,22,datalake,2024-04-30 07:52:07.966683
2,94,2,datalake,2024-04-30 07:52:07.966683
2,95,10,datalake,2024-04-30 07:52:07.966683
2,96,22,datalake,2024-04-30 07:52:07.966683
2,97,15,datalake,2024-04-30 07:52:07.966683
2,98,14,datalake,2024-04-30 07:52:07.966683
2,99,24,datalake,2024-04-30 07:52:07.966683
2,100,12,datalake,2024-04-30 07:52:07.966683
2,101,4,datalake,2024-04-30 07:52:07.966683
2,102,12,datalake,2024-04-30 07:52:07.966683
2,103,1,datalake,2024-04-30 07:52:07.966683
2,104,26,datalake,2024-04-30 07:52:07.966683
2,105,3,datalake,2024-04-30 07:52:07.966683
2,106,7,datalake,2024-04-30 07:52:07.966683
2,107,29,datalake,2024-04-30 07:52:07.966683
2,108,29,datalake,2024-04-30 07:52:07.966683
2,109,25,datalake,2024-04-30 07:52:07.966683
2,110,7,datalake,2024-04-30 07:52:07.966683
2,111,6,datalake,2024-04-30 07:52:07.966683
2,112,1,datalake,2024-04-30 07:52:07.966683
2,113,7,datalake,2024-04-30 07:52:07.966683
2,114,12,datalake,2024-04-30 07:52:07.966683
2,115,19,datalake,2024-04-30 07:52:07.966683
2,116,17,datalake,2024-04-30 07:52:07.966683
2,117,18,datalake,2024-04-30 07:52:07.966683
2,118,25,datalake,2024-04-30 07:52:07.966683
2,119,23,datalake,2024-04-30 07:52:07.966683
2,120,16,datalake,2024-04-30 07:52:07.966683
2,121,3,datalake,2024-04-30 07:52:07.966683
2,122,11,datalake,2024-04-30 07:52:07.966683
2,123,18,datalake,2024-04-30 07:52:07.966683
2,124,4,datalake,2024-04-30 07:52:07.966683
2,125,10,datalake,2024-04-30 07:52:07.966683
2,126,13,datalake,2024-04-30 07:52:07.966683
2,127,12,datalake,2024-04-30 07:52:07.966683
2,128,28,datalake,2024-04-30 07:52:07.966683
2,129,21,datalake,2024-04-30 07:52:07.966683
2,130,17,datalake,2024-04-30 07:52:07.966683
2,131,9,datalake,2024-04-30 07:52:07.966683
2,132,6,datalake,2024-04-30 07:52:07.966683
2,133,28,datalake,2024-04-30 07:52:07.966683
2,134,13,datalake,2024-04-30 07:52:07.966683
2,135,30,datalake,2024-04-30 07:52:07.966683
2,136,8,datalake,2024-04-30 07:52:07.966683
2,137,1,datalake,2024-04-30 07:52:07.966683
2,138,16,datalake,2024-04-30 07:52:07.966683
2,139,24,datalake,2024-04-30 07:52:07.966683
2,140,13,datalake,2024-04-30 07:52:07.966683
2,141,28,datalake,2024-04-30 07:52:07.966683
2,142,24,datalake,2024-04-30 07:52:07.966683
2,143,12,datalake,2024-04-30 07:52:07.966683
2,144,4,datalake,2024-04-30 07:52:07.966683
2,145,23,datalake,2024-04-30 07:52:07.966683
2,146,3,datalake,2024-04-30 07:52:07.966683
2,147,13,datalake,2024-04-30 07:52:07.966683
2,148,27,datalake,2024-04-30 07:52:07.966683
2,149,22,datalake,2024-04-30 07:52:07.966683
2,150,7,datalake,2024-04-30 07:52:07.966683
2,151,2,datalake,2024-04-30 07:52:07.966683
2,152,21,datalake,2024-04-30 07:52:07.966683
2,153,21,datalake,2024-04-30 07:52:07.966683
2,154,9,datalake,2024-04-30 07:52:07.966683
2,155,21,datalake,2024-04-30 07:52:07.966683
2,156,8,datalake,2024-04-30 07:52:07.966683
2,157,28,datalake,2024-04-30 07:52:07.966683
2,158,0,datalake,2024-04-30 07:52:07.966683
2,159,30,datalake,2024-04-30 07:52:07.966683
2,160,4,datalake,2024-04-30 07:52:07.966683
2,161,9,datalake,2024-04-30 07:52:07.966683
2,162,18,datalake,2024-04-30 07:52:07.966683
2,163,30,datalake,2024-04-30 07:52:07.966683
2,164,9,datalake,2024-04-30 07:52:07.966683
2,165,6,datalake,2024-04-30 07:52:07.966683
2,166,27,datalake,2024-04-30 07:52:07.966683
2,167,1,datalake,2024-04-30 07:52:07.966683
2,168,29,datalake,2024-04-30 07:52:07.966683
2,169,1,datalake,2024-04-30 07:52:07.966683
2,170,2,datalake,2024-04-30 07:52:07.966683
2,171,28,datalake,2024-04-30 07:52:07.966683
2,172,16,datalake,2024-04-30 07:52:07.966683
2,173,17,datalake,2024-04-30 07:52:07.966683
2,174,8,datalake,2024-04-30 07:52:07.966683
2,175,0,datalake,2024-04-30 07:52:07.966683
2,176,26,datalake,2024-04-30 07:52:07.966683
2,177,9,datalake,2024-04-30 07:52:07.966683
2,178,1,datalake,2024-04-30 07:52:07.966683
2,179,16,datalake,2024-04-30 07:52:07.966683
2,180,3,datalake,2024-04-30 07:52:07.966683
2,181,29,datalake,2024-04-30 07:52:07.966683
2,182,21,datalake,2024-04-30 07:52:07.966683
2,183,26,datalake,2024-04-30 07:52:07.966683
2,184,0,datalake,2024-04-30 07:52:07.966683
2,185,4,datalake,2024-04-30 07:52:07.966683
2,186,16,datalake,2024-04-30 07:52:07.966683
2,187,10,datalake,2024-04-30 07:52:07.966683
2,188,27,datalake,2024-04-30 07:52:07.966683
2,189,13,datalake,2024-04-30 07:52:07.966683
2,190,18,datalake,2024-04-30 07:52:07.966683
2,191,15,datalake,2024-04-30 07:52:07.966683
2,192,0,datalake,2024-04-30 07:52:07.966683
2,193,21,datalake,2024-04-30 07:52:07.966683
2,194,15,datalake,2024-04-30 07:52:07.966683
2,195,19,datalake,2024-04-30 07:52:07.966683
2,196,28,datalake,2024-04-30 07:52:07.966683
2,197,10,datalake,2024-04-30 07:52:07.966683
2,198,0,datalake,2024-04-30 07:52:07.966683
2,199,13,datalake,2024-04-30 07:52:07.966683
2,200,11,datalake,2024-04-30 07:52:07.966683
2,201,24,datalake,2024-04-30 07:52:07.966683
2,202,1,datalake,2024-04-30 07:52:07.966683
2,203,7,datalake,2024-04-30 07:52:07.966683
2,204,25,datalake,2024-04-30 07:52:07.966683
2,205,13,datalake,2024-04-30 07:52:07.966683
2,206,9,datalake,2024-04-30 07:52:07.966683
2,207,8,datalake,2024-04-30 07:52:07.966683
2,208,12,datalake,2024-04-30 07:52:07.966683
2,209,11,datalake,2024-04-30 07:52:07.966683
2,210,10,datalake,2024-04-30 07:52:07.966683
2,211,4,datalake,2024-04-30 07:52:07.966683
2,212,22,datalake,2024-04-30 07:52:07.966683
2,213,10,datalake,2024-04-30 07:52:07.966683
2,214,7,datalake,2024-04-30 07:52:07.966683
2,215,11,datalake,2024-04-30 07:52:07.966683
2,216,19,datalake,2024-04-30 07:52:07.966683
2,217,22,datalake,2024-04-30 07:52:07.966683
2,218,26,datalake,2024-04-30 07:52:07.966683
2,219,16,datalake,2024-04-30 07:52:07.966683
2,220,6,datalake,2024-04-30 07:52:07.966683
2,221,12,datalake,2024-04-30 07:52:07.966683
2,222,30,datalake,2024-04-30 07:52:07.966683
2,223,7,datalake,2024-04-30 07:52:07.966683
2,224,4,datalake,2024-04-30 07:52:07.966683
2,225,11,datalake,2024-04-30 07:52:07.966683
2,226,5,datalake,2024-04-30 07:52:07.966683
2,227,12,datalake,2024-04-30 07:52:07.966683
2,228,7,datalake,2024-04-30 07:52:07.966683
2,229,29,datalake,2024-04-30 07:52:07.966683
2,230,25,datalake,2024-04-30 07:52:07.966683
2,231,8,datalake,2024-04-30 07:52:07.966683
2,232,11,datalake,2024-04-30 07:52:07.966683
2,233,25,datalake,2024-04-30 07:52:07.966683
2,234,12,datalake,2024-04-30 07:52:07.966683
2,235,4,datalake,2024-04-30 07:52:07.966683
2,236,7,datalake,2024-04-30 07:52:07.966683
2,237,30,datalake,2024-04-30 07:52:07.966683
2,238,6,datalake,2024-04-30 07:52:07.966683
2,239,17,datalake,2024-04-30 07:52:07.966683
2,240,19,datalake,2024-04-30 07:52:07.966683
2,241,24,datalake,2024-04-30 07:52:07.966683
2,242,2,datalake,2024-04-30 07:52:07.966683
2,243,18,datalake,2024-04-30 07:52:07.966683
2,244,1,datalake,2024-04-30 07:52:07.966683
2,245,18,datalake,2024-04-30 07:52:07.966683
2,246,10,datalake,2024-04-30 07:52:07.966683
2,247,16,datalake,2024-04-30 07:52:07.966683
2,248,26,datalake,2024-04-30 07:52:07.966683
2,249,10,datalake,2024-04-30 07:52:07.966683
2,250,23,datalake,2024-04-30 07:52:07.966683
2,251,0,datalake,2024-04-30 07:52:07.966683
2,252,20,datalake,2024-04-30 07:52:07.966683
2,253,29,datalake,2024-04-30 07:52:07.966683
2,254,7,datalake,2024-04-30 07:52:07.966683
2,255,12,datalake,2024-04-30 07:52:07.966683
2,256,8,datalake,2024-04-30 07:52:07.966683
2,257,5,datalake,2024-04-30 07:52:07.966683
2,258,10,datalake,2024-04-30 07:52:07.966683
2,259,16,datalake,2024-04-30 07:52:07.966683
2,260,20,datalake,2024-04-30 07:52:07.966683
2,261,4,datalake,2024-04-30 07:52:07.966683
2,262,8,datalake,2024-04-30 07:52:07.966683
2,263,4,datalake,2024-04-30 07:52:07.966683
2,264,13,datalake,2024-04-30 07:52:07.966683
2,265,4,datalake,2024-04-30 07:52:07.966683
2,266,18,datalake,2024-04-30 07:52:07.966683
2,267,21,datalake,2024-04-30 07:52:07.966683
2,268,3,datalake,2024-04-30 07:52:07.966683
2,269,4,datalake,2024-04-30 07:52:07.966683
2,270,15,datalake,2024-04-30 07:52:07.966683
2,271,26,datalake,2024-04-30 07:52:07.966683
2,272,1,datalake,2024-04-30 07:52:07.966683
2,273,28,datalake,2024-04-30 07:52:07.966683
2,274,15,datalake,2024-04-30 07:52:07.966683
2,275,3,datalake,2024-04-30 07:52:07.966683
2,276,9,datalake,2024-04-30 07:52:07.966683
2,277,4,datalake,2024-04-30 07:52:07.966683
2,278,8,datalake,2024-04-30 07:52:07.966683
2,279,18,datalake,2024-04-30 07:52:07.966683
2,280,11,datalake,2024-04-30 07:52:07.966683
2,281,3,datalake,2024-04-30 07:52:07.966683
2,282,8,datalake,2024-04-30 07:52:07.966683
2,283,28,datalake,2024-04-30 07:52:07.966683
2,284,6,datalake,2024-04-30 07:52:07.966683
2,285,22,datalake,2024-04-30 07:52:07.966683
2,286,3,datalake,2024-04-30 07:52:07.966683
2,287,15,datalake,2024-04-30 07:52:07.966683
2,288,13,datalake,2024-04-30 07:52:07.966683
2,289,5,datalake,2024-04-30 07:52:07.966683
2,290,29,datalake,2024-04-30 07:52:07.966683
2,291,22,datalake,2024-04-30 07:52:07.966683
2,292,22,datalake,2024-04-30 07:52:07.966683
2,293,12,datalake,2024-04-30 07:52:07.966683
2,294,7,datalake,2024-04-30 07:52:07.966683
2,295,15,datalake,2024-04-30 07:52:07.966683
2,296,8,datalake,2024-04-30 07:52:07.966683
2,297,7,datalake,2024-04-30 07:52:07.966683
2,298,27,datalake,2024-04-30 07:52:07.966683
2,299,0,datalake,2024-04-30 07:52:07.966683
2,300,13,datalake,2024-04-30 07:52:07.966683
2,301,26,datalake,2024-04-30 07:52:07.966683
2,302,6,datalake,2024-04-30 07:52:07.966683
2,303,23,datalake,2024-04-30 07:52:07.966683
2,304,6,datalake,2024-04-30 07:52:07.966683
2,305,21,datalake,2024-04-30 07:52:07.966683
2,306,17,datalake,2024-04-30 07:52:07.966683
2,307,18,datalake,2024-04-30 07:52:07.966683
2,308,15,datalake,2024-04-30 07:52:07.966683
2,309,9,datalake,2024-04-30 07:52:07.966683
2,310,5,datalake,2024-04-30 07:52:07.966683
2,311,27,datalake,2024-04-30 07:52:07.966683
2,312,2,datalake,2024-04-30 07:52:07.966683
2,313,24,datalake,2024-04-30 07:52:07.966683
3,1,14,datalake,2024-04-30 07:52:07.966683
3,2,24,datalake,2024-04-30 07:52:07.966683
3,3,0,datalake,2024-04-30 07:52:07.966683
3,4,11,datalake,2024-04-30 07:52:07.966683
3,5,3,datalake,2024-04-30 07:52:07.966683
3,6,27,datalake,2024-04-30 07:52:07.966683
3,7,12,datalake,2024-04-30 07:52:07.966683
3,8,12,datalake,2024-04-30 07:52:07.966683
3,9,23,datalake,2024-04-30 07:52:07.966683
3,10,21,datalake,2024-04-30 07:52:07.966683
3,11,30,datalake,2024-04-30 07:52:07.966683
3,12,30,datalake,2024-04-30 07:52:07.966683
3,13,19,datalake,2024-04-30 07:52:07.966683
3,14,4,datalake,2024-04-30 07:52:07.966683
3,15,22,datalake,2024-04-30 07:52:07.966683
3,16,19,datalake,2024-04-30 07:52:07.966683
3,17,22,datalake,2024-04-30 07:52:07.966683
3,18,5,datalake,2024-04-30 07:52:07.966683
3,19,24,datalake,2024-04-30 07:52:07.966683
3,20,19,datalake,2024-04-30 07:52:07.966683
3,21,8,datalake,2024-04-30 07:52:07.966683
3,22,20,datalake,2024-04-30 07:52:07.966683
3,23,8,datalake,2024-04-30 07:52:07.966683
3,24,18,datalake,2024-04-30 07:52:07.966683
3,25,15,datalake,2024-04-30 07:52:07.966683
3,26,27,datalake,2024-04-30 07:52:07.966683
3,27,21,datalake,2024-04-30 07:52:07.966683
3,28,20,datalake,2024-04-30 07:52:07.966683
3,29,11,datalake,2024-04-30 07:52:07.966683
3,30,23,datalake,2024-04-30 07:52:07.966683
3,31,10,datalake,2024-04-30 07:52:07.966683
3,32,14,datalake,2024-04-30 07:52:07.966683
3,33,14,datalake,2024-04-30 07:52:07.966683
3,34,6,datalake,2024-04-30 07:52:07.966683
3,35,3,datalake,2024-04-30 07:52:07.966683
3,36,28,datalake,2024-04-30 07:52:07.966683
3,37,30,datalake,2024-04-30 07:52:07.966683
3,38,23,datalake,2024-04-30 07:52:07.966683
3,39,22,datalake,2024-04-30 07:52:07.966683
3,40,2,datalake,2024-04-30 07:52:07.966683
3,41,25,datalake,2024-04-30 07:52:07.966683
3,42,9,datalake,2024-04-30 07:52:07.966683
3,43,26,datalake,2024-04-30 07:52:07.966683
3,44,26,datalake,2024-04-30 07:52:07.966683
3,45,1,datalake,2024-04-30 07:52:07.966683
3,46,16,datalake,2024-04-30 07:52:07.966683
3,47,14,datalake,2024-04-30 07:52:07.966683
3,48,2,datalake,2024-04-30 07:52:07.966683
3,49,4,datalake,2024-04-30 07:52:07.966683
3,50,25,datalake,2024-04-30 07:52:07.966683
3,51,2,datalake,2024-04-30 07:52:07.966683
3,52,8,datalake,2024-04-30 07:52:07.966683
3,53,6,datalake,2024-04-30 07:52:07.966683
3,54,13,datalake,2024-04-30 07:52:07.966683
3,55,5,datalake,2024-04-30 07:52:07.966683
3,56,19,datalake,2024-04-30 07:52:07.966683
3,57,9,datalake,2024-04-30 07:52:07.966683
3,58,27,datalake,2024-04-30 07:52:07.966683
3,59,0,datalake,2024-04-30 07:52:07.966683
3,60,7,datalake,2024-04-30 07:52:07.966683
3,61,28,datalake,2024-04-30 07:52:07.966683
3,62,4,datalake,2024-04-30 07:52:07.966683
3,63,8,datalake,2024-04-30 07:52:07.966683
3,64,22,datalake,2024-04-30 07:52:07.966683
3,65,1,datalake,2024-04-30 07:52:07.966683
3,66,3,datalake,2024-04-30 07:52:07.966683
3,67,6,datalake,2024-04-30 07:52:07.966683
3,68,18,datalake,2024-04-30 07:52:07.966683
3,69,29,datalake,2024-04-30 07:52:07.966683
3,70,2,datalake,2024-04-30 07:52:07.966683
3,71,13,datalake,2024-04-30 07:52:07.966683
3,72,6,datalake,2024-04-30 07:52:07.966683
3,73,3,datalake,2024-04-30 07:52:07.966683
3,74,17,datalake,2024-04-30 07:52:07.966683
3,75,29,datalake,2024-04-30 07:52:07.966683
3,76,23,datalake,2024-04-30 07:52:07.966683
3,77,23,datalake,2024-04-30 07:52:07.966683
3,78,19,datalake,2024-04-30 07:52:07.966683
3,79,29,datalake,2024-04-30 07:52:07.966683
3,80,22,datalake,2024-04-30 07:52:07.966683
3,81,18,datalake,2024-04-30 07:52:07.966683
3,82,7,datalake,2024-04-30 07:52:07.966683
3,83,23,datalake,2024-04-30 07:52:07.966683
3,84,15,datalake,2024-04-30 07:52:07.966683
3,85,15,datalake,2024-04-30 07:52:07.966683
3,86,27,datalake,2024-04-30 07:52:07.966683
3,87,16,datalake,2024-04-30 07:52:07.966683
3,88,28,datalake,2024-04-30 07:52:07.966683
3,89,22,datalake,2024-04-30 07:52:07.966683
3,90,9,datalake,2024-04-30 07:52:07.966683
3,91,8,datalake,2024-04-30 07:52:07.966683
3,92,28,datalake,2024-04-30 07:52:07.966683
3,93,18,datalake,2024-04-30 07:52:07.966683
3,94,15,datalake,2024-04-30 07:52:07.966683
3,95,14,datalake,2024-04-30 07:52:07.966683
3,96,1,datalake,2024-04-30 07:52:07.966683
3,97,28,datalake,2024-04-30 07:52:07.966683
3,98,5,datalake,2024-04-30 07:52:07.966683
3,99,19,datalake,2024-04-30 07:52:07.966683
3,100,28,datalake,2024-04-30 07:52:07.966683
3,101,17,datalake,2024-04-30 07:52:07.966683
3,102,22,datalake,2024-04-30 07:52:07.966683
3,103,10,datalake,2024-04-30 07:52:07.966683
3,104,22,datalake,2024-04-30 07:52:07.966683
3,105,1,datalake,2024-04-30 07:52:07.966683
3,106,1,datalake,2024-04-30 07:52:07.966683
3,107,11,datalake,2024-04-30 07:52:07.966683
3,108,23,datalake,2024-04-30 07:52:07.966683
3,109,24,datalake,2024-04-30 07:52:07.966683
3,110,11,datalake,2024-04-30 07:52:07.966683
3,111,29,datalake,2024-04-30 07:52:07.966683
3,112,24,datalake,2024-04-30 07:52:07.966683
3,113,23,datalake,2024-04-30 07:52:07.966683
3,114,12,datalake,2024-04-30 07:52:07.966683
3,115,25,datalake,2024-04-30 07:52:07.966683
3,116,30,datalake,2024-04-30 07:52:07.966683
3,117,23,datalake,2024-04-30 07:52:07.966683
3,118,9,datalake,2024-04-30 07:52:07.966683
3,119,29,datalake,2024-04-30 07:52:07.966683
3,120,25,datalake,2024-04-30 07:52:07.966683
3,121,4,datalake,2024-04-30 07:52:07.966683
3,122,8,datalake,2024-04-30 07:52:07.966683
3,123,15,datalake,2024-04-30 07:52:07.966683
3,124,11,datalake,2024-04-30 07:52:07.966683
3,125,2,datalake,2024-04-30 07:52:07.966683
3,126,5,datalake,2024-04-30 07:52:07.966683
3,127,4,datalake,2024-04-30 07:52:07.966683
3,128,20,datalake,2024-04-30 07:52:07.966683
3,129,10,datalake,2024-04-30 07:52:07.966683
3,130,20,datalake,2024-04-30 07:52:07.966683
3,131,23,datalake,2024-04-30 07:52:07.966683
3,132,16,datalake,2024-04-30 07:52:07.966683
3,133,16,datalake,2024-04-30 07:52:07.966683
3,134,17,datalake,2024-04-30 07:52:07.966683
3,135,15,datalake,2024-04-30 07:52:07.966683
3,136,4,datalake,2024-04-30 07:52:07.966683
3,137,17,datalake,2024-04-30 07:52:07.966683
3,138,17,datalake,2024-04-30 07:52:07.966683
3,139,21,datalake,2024-04-30 07:52:07.966683
3,140,3,datalake,2024-04-30 07:52:07.966683
3,141,4,datalake,2024-04-30 07:52:07.966683
3,142,29,datalake,2024-04-30 07:52:07.966683
3,143,9,datalake,2024-04-30 07:52:07.966683
3,144,9,datalake,2024-04-30 07:52:07.966683
3,145,11,datalake,2024-04-30 07:52:07.966683
3,146,9,datalake,2024-04-30 07:52:07.966683
3,147,3,datalake,2024-04-30 07:52:07.966683
3,148,6,datalake,2024-04-30 07:52:07.966683
3,149,1,datalake,2024-04-30 07:52:07.966683
3,150,21,datalake,2024-04-30 07:52:07.966683
3,151,1,datalake,2024-04-30 07:52:07.966683
3,152,1,datalake,2024-04-30 07:52:07.966683
3,153,7,datalake,2024-04-30 07:52:07.966683
3,154,22,datalake,2024-04-30 07:52:07.966683
3,155,25,datalake,2024-04-30 07:52:07.966683
3,156,14,datalake,2024-04-30 07:52:07.966683
3,157,12,datalake,2024-04-30 07:52:07.966683
3,158,17,datalake,2024-04-30 07:52:07.966683
3,159,6,datalake,2024-04-30 07:52:07.966683
3,160,27,datalake,2024-04-30 07:52:07.966683
3,161,11,datalake,2024-04-30 07:52:07.966683
3,162,11,datalake,2024-04-30 07:52:07.966683
3,163,11,datalake,2024-04-30 07:52:07.966683
3,164,18,datalake,2024-04-30 07:52:07.966683
3,165,19,datalake,2024-04-30 07:52:07.966683
3,166,27,datalake,2024-04-30 07:52:07.966683
3,167,8,datalake,2024-04-30 07:52:07.966683
3,168,23,datalake,2024-04-30 07:52:07.966683
3,169,3,datalake,2024-04-30 07:52:07.966683
3,170,13,datalake,2024-04-30 07:52:07.966683
3,171,11,datalake,2024-04-30 07:52:07.966683
3,172,22,datalake,2024-04-30 07:52:07.966683
3,173,15,datalake,2024-04-30 07:52:07.966683
3,174,1,datalake,2024-04-30 07:52:07.966683
3,175,3,datalake,2024-04-30 07:52:07.966683
3,176,6,datalake,2024-04-30 07:52:07.966683
3,177,2,datalake,2024-04-30 07:52:07.966683
3,178,12,datalake,2024-04-30 07:52:07.966683
3,179,20,datalake,2024-04-30 07:52:07.966683
3,180,6,datalake,2024-04-30 07:52:07.966683
3,181,8,datalake,2024-04-30 07:52:07.966683
3,182,28,datalake,2024-04-30 07:52:07.966683
3,183,26,datalake,2024-04-30 07:52:07.966683
3,184,21,datalake,2024-04-30 07:52:07.966683
3,185,15,datalake,2024-04-30 07:52:07.966683
3,186,30,datalake,2024-04-30 07:52:07.966683
3,187,2,datalake,2024-04-30 07:52:07.966683
3,188,29,datalake,2024-04-30 07:52:07.966683
3,189,20,datalake,2024-04-30 07:52:07.966683
3,190,20,datalake,2024-04-30 07:52:07.966683
3,191,23,datalake,2024-04-30 07:52:07.966683
3,192,10,datalake,2024-04-30 07:52:07.966683
3,193,5,datalake,2024-04-30 07:52:07.966683
3,194,20,datalake,2024-04-30 07:52:07.966683
3,195,20,datalake,2024-04-30 07:52:07.966683
3,196,25,datalake,2024-04-30 07:52:07.966683
3,197,8,datalake,2024-04-30 07:52:07.966683
3,198,27,datalake,2024-04-30 07:52:07.966683
3,199,5,datalake,2024-04-30 07:52:07.966683
3,200,29,datalake,2024-04-30 07:52:07.966683
3,201,30,datalake,2024-04-30 07:52:07.966683
3,202,11,datalake,2024-04-30 07:52:07.966683
3,203,6,datalake,2024-04-30 07:52:07.966683
3,204,16,datalake,2024-04-30 07:52:07.966683
3,205,3,datalake,2024-04-30 07:52:07.966683
3,206,29,datalake,2024-04-30 07:52:07.966683
3,207,29,datalake,2024-04-30 07:52:07.966683
3,208,12,datalake,2024-04-30 07:52:07.966683
3,209,1,datalake,2024-04-30 07:52:07.966683
3,210,22,datalake,2024-04-30 07:52:07.966683
3,211,3,datalake,2024-04-30 07:52:07.966683
3,212,23,datalake,2024-04-30 07:52:07.966683
3,213,10,datalake,2024-04-30 07:52:07.966683
3,214,30,datalake,2024-04-30 07:52:07.966683
3,215,12,datalake,2024-04-30 07:52:07.966683
3,216,5,datalake,2024-04-30 07:52:07.966683
3,217,4,datalake,2024-04-30 07:52:07.966683
3,218,21,datalake,2024-04-30 07:52:07.966683
3,219,29,datalake,2024-04-30 07:52:07.966683
3,220,0,datalake,2024-04-30 07:52:07.966683
3,221,25,datalake,2024-04-30 07:52:07.966683
3,222,12,datalake,2024-04-30 07:52:07.966683
3,223,29,datalake,2024-04-30 07:52:07.966683
3,224,23,datalake,2024-04-30 07:52:07.966683
3,225,12,datalake,2024-04-30 07:52:07.966683
3,226,14,datalake,2024-04-30 07:52:07.966683
3,227,22,datalake,2024-04-30 07:52:07.966683
3,228,29,datalake,2024-04-30 07:52:07.966683
3,229,7,datalake,2024-04-30 07:52:07.966683
3,230,29,datalake,2024-04-30 07:52:07.966683
3,231,6,datalake,2024-04-30 07:52:07.966683
3,232,16,datalake,2024-04-30 07:52:07.966683
3,233,9,datalake,2024-04-30 07:52:07.966683
3,234,24,datalake,2024-04-30 07:52:07.966683
3,235,1,datalake,2024-04-30 07:52:07.966683
3,236,3,datalake,2024-04-30 07:52:07.966683
3,237,16,datalake,2024-04-30 07:52:07.966683
3,238,12,datalake,2024-04-30 07:52:07.966683
3,239,29,datalake,2024-04-30 07:52:07.966683
3,240,26,datalake,2024-04-30 07:52:07.966683
3,241,8,datalake,2024-04-30 07:52:07.966683
3,242,5,datalake,2024-04-30 07:52:07.966683
3,243,7,datalake,2024-04-30 07:52:07.966683
3,244,5,datalake,2024-04-30 07:52:07.966683
3,245,10,datalake,2024-04-30 07:52:07.966683
3,246,7,datalake,2024-04-30 07:52:07.966683
3,247,3,datalake,2024-04-30 07:52:07.966683
3,248,11,datalake,2024-04-30 07:52:07.966683
3,249,6,datalake,2024-04-30 07:52:07.966683
3,250,16,datalake,2024-04-30 07:52:07.966683
3,251,10,datalake,2024-04-30 07:52:07.966683
3,252,27,datalake,2024-04-30 07:52:07.966683
3,253,15,datalake,2024-04-30 07:52:07.966683
3,254,4,datalake,2024-04-30 07:52:07.966683
3,255,17,datalake,2024-04-30 07:52:07.966683
3,256,1,datalake,2024-04-30 07:52:07.966683
3,257,25,datalake,2024-04-30 07:52:07.966683
3,258,10,datalake,2024-04-30 07:52:07.966683
3,259,0,datalake,2024-04-30 07:52:07.966683
3,260,5,datalake,2024-04-30 07:52:07.966683
3,261,24,datalake,2024-04-30 07:52:07.966683
3,262,29,datalake,2024-04-30 07:52:07.966683
3,263,21,datalake,2024-04-30 07:52:07.966683
3,264,7,datalake,2024-04-30 07:52:07.966683
3,265,22,datalake,2024-04-30 07:52:07.966683
3,266,18,datalake,2024-04-30 07:52:07.966683
3,267,12,datalake,2024-04-30 07:52:07.966683
3,268,17,datalake,2024-04-30 07:52:07.966683
3,269,26,datalake,2024-04-30 07:52:07.966683
3,270,6,datalake,2024-04-30 07:52:07.966683
3,271,23,datalake,2024-04-30 07:52:07.966683
3,272,12,datalake,2024-04-30 07:52:07.966683
3,273,19,datalake,2024-04-30 07:52:07.966683
3,274,7,datalake,2024-04-30 07:52:07.966683
3,275,23,datalake,2024-04-30 07:52:07.966683
3,276,14,datalake,2024-04-30 07:52:07.966683
3,277,26,datalake,2024-04-30 07:52:07.966683
3,278,15,datalake,2024-04-30 07:52:07.966683
3,279,15,datalake,2024-04-30 07:52:07.966683
3,280,1,datalake,2024-04-30 07:52:07.966683
3,281,2,datalake,2024-04-30 07:52:07.966683
3,282,18,datalake,2024-04-30 07:52:07.966683
3,283,1,datalake,2024-04-30 07:52:07.966683
3,284,26,datalake,2024-04-30 07:52:07.966683
3,285,2,datalake,2024-04-30 07:52:07.966683
3,286,7,datalake,2024-04-30 07:52:07.966683
3,287,26,datalake,2024-04-30 07:52:07.966683
3,288,2,datalake,2024-04-30 07:52:07.966683
3,289,2,datalake,2024-04-30 07:52:07.966683
3,290,6,datalake,2024-04-30 07:52:07.966683
3,291,10,datalake,2024-04-30 07:52:07.966683
3,292,16,datalake,2024-04-30 07:52:07.966683
3,293,14,datalake,2024-04-30 07:52:07.966683
3,294,13,datalake,2024-04-30 07:52:07.966683
3,295,9,datalake,2024-04-30 07:52:07.966683
3,296,12,datalake,2024-04-30 07:52:07.966683
3,297,22,datalake,2024-04-30 07:52:07.966683
3,298,14,datalake,2024-04-30 07:52:07.966683
3,299,29,datalake,2024-04-30 07:52:07.966683
3,300,3,datalake,2024-04-30 07:52:07.966683
3,301,29,datalake,2024-04-30 07:52:07.966683
3,302,6,datalake,2024-04-30 07:52:07.966683
3,303,13,datalake,2024-04-30 07:52:07.966683
3,304,23,datalake,2024-04-30 07:52:07.966683
3,305,11,datalake,2024-04-30 07:52:07.966683
3,306,7,datalake,2024-04-30 07:52:07.966683
3,307,17,datalake,2024-04-30 07:52:07.966683
3,308,9,datalake,2024-04-30 07:52:07.966683
3,309,30,datalake,2024-04-30 07:52:07.966683
3,310,8,datalake,2024-04-30 07:52:07.966683
3,311,23,datalake,2024-04-30 07:52:07.966683
3,312,18,datalake,2024-04-30 07:52:07.966683
3,313,0,datalake,2024-04-30 07:52:07.966683
